<?xml version="1.0" encoding="UTF-8"?>
<project-private xmlns="http://www.netbeans.org/ns/project-private/1">
    <editor-bookmarks xmlns="http://www.netbeans.org/ns/editor-bookmarks/2" lastBookmarkId="0"/>
    <open-files xmlns="http://www.netbeans.org/ns/projectui-open-files/2">
        <group>
            <file>file:/D:/NEU_Term4/BigData/Final_Project/finals/ReadFile/ReadFile/src/readfile/lyricsMood.java</file>
            <file>file:/D:/NEU_Term4/BigData/Final_Project/finals/ReadFile/ReadFile/src/readfile/ConvertMahoutOutput.java</file>
            <file>file:/D:/NEU_Term4/BigData/Final_Project/finals/ReadFile/ReadFile/src/readfile/MahoutJholInput.java</file>
            <file>file:/D:/NEU_Term4/BigData/Final_Project/finals/ReadFile/ReadFile/src/readfile/ReadFile.java</file>
            <file>file:/D:/NEU_Term4/BigData/Final_Project/finals/ReadFile/ReadFile/src/readfile/TrackCount.java</file>
        </group>
    </open-files>
</project-private>
